timestamp,open,high,low,close,volume,sma_fast,sma_slow,ema_200,rsi14,macd,macd_signal,macd_hist,atr14,bb_mid,bb_up,bb_dn
2025-09-03 13:00:00+00:00,9.74e-06,9.86e-06,9.73e-06,9.79e-06,33773491192.0,9.774e-06,9.649799999999999e-06,9.698436426652934e-06,54.15290507451477,3.2287856452337284e-08,3.9559698729298e-08,-7.271842276960719e-09,8.785714285714299e-08,9.774e-06,9.86493664654148e-06,9.68306335345852e-06
2025-09-03 14:00:00+00:00,9.79e-06,9.98e-06,9.77e-06,9.94e-06,42184775366.0,9.787e-06,9.6542e-06,9.700840044298178e-06,63.58727149119863,4.2946569314493055e-08,4.023707284633701e-08,2.7094964681560436e-09,9.78571428571429e-08,9.787e-06,9.894233144915275e-06,9.679766855084724e-06
2025-09-03 15:00:00+00:00,9.94e-06,9.96e-06,9.85e-06,9.89e-06,40529030332.0,9.799e-06,9.6604e-06,9.702722232912127e-06,59.213228126807465,4.681938914308001e-08,4.155353610568561e-08,5.265853037394399e-09,9.642857142857148e-08,9.799e-06,9.894784846620458e-06,9.703215153379544e-06
2025-09-03 16:00:00+00:00,9.9e-06,9.94e-06,9.82e-06,9.86e-06,40318729659.0,9.803499999999999e-06,9.6656e-06,9.704287185818474e-06,56.69334215861512,4.692693300715288e-08,4.262821548597907e-08,4.2987175211738106e-09,9.714285714285718e-08,9.803499999999999e-06,9.901967199989047e-06,9.70503280001095e-06
2025-09-03 17:00:00+00:00,9.85e-06,9.93e-06,9.85e-06,9.9e-06,36989749414.0,9.81e-06,9.672600000000001e-06,9.70623457700436e-06,59.1872555643633,4.966729434786952e-08,4.403603125835716e-08,5.631263089512364e-09,9.785714285714276e-08,9.81e-06,9.916028794500158e-06,9.70397120549984e-06
2025-09-03 18:00:00+00:00,9.89e-06,9.92e-06,9.84e-06,9.87e-06,18904670550.0,9.8145e-06,9.6796e-06,9.707864083700833e-06,56.556646581966454,4.8855129650734585e-08,4.4999850936832645e-08,3.85527871390194e-09,9.857142857142835e-08,9.8145e-06,9.92278325428197e-06,9.706216745718031e-06
2025-09-03 19:00:00+00:00,9.86e-06,9.94e-06,9.84e-06,9.94e-06,7130006857.0,9.8215e-06,9.6894e-06,9.710173893813264e-06,60.92111837466244,5.324611024812851e-08,4.6649102799091825e-08,6.597007449036685e-09,1.0071428571428548e-07,9.8215e-06,9.943116307770745e-06,9.699883692229257e-06
2025-09-03 20:00:00+00:00,9.94e-06,9.95e-06,9.9e-06,9.92e-06,15534720343.0,9.8295e-06,9.6968e-06,9.712261715765372e-06,59.09440114676053,5.4484102337276025e-08,4.821610270672867e-08,6.267999630547357e-09,9.714285714285693e-08,9.8295e-06,9.95506818235943e-06,9.703931817640569e-06
2025-09-03 21:00:00+00:00,9.92e-06,9.96e-06,9.91e-06,9.96e-06,19391205452.0,9.837e-06,9.704200000000001e-06,9.714726773319947e-06,61.575941657313365,5.802402089900224e-08,5.017768634518338e-08,7.846334553818857e-09,9.714285714285693e-08,9.837e-06,9.97497024850917e-06,9.699029751490828e-06
2025-09-03 22:00:00+00:00,9.97e-06,1.004e-05,9.9e-06,9.94e-06,33927827605.0,9.8425e-06,9.7162e-06,9.71696829796353e-06,59.62814072342494,5.8540777368743465e-08,5.18503045498954e-08,6.6904728188480655e-09,9.999999999999977e-08,9.8425e-06,9.987867049042645e-06,9.697132950957354e-06
2025-09-03 23:00:00+00:00,9.93e-06,9.93e-06,9.86e-06,9.88e-06,26560336444.0,9.845e-06,9.729e-06,9.718590503953944e-06,54.09933450434013,5.349218739639038e-08,5.21786811191944e-08,1.3135062771959813e-09,1.0142857142857119e-07,9.845e-06,9.99117941391533e-06,9.698820586084669e-06
2025-09-04 00:00:00+00:00,9.88e-06,9.97e-06,9.88e-06,9.94e-06,24754927560.0,9.852e-06,9.7424e-06,9.720793583516592e-06,58.26657715868203,5.371346662151079e-08,5.248563821965768e-08,1.2278284018531106e-09,1.0142857142857106e-07,9.852e-06,1.0002451950714114e-05,9.701548049285886e-06
2025-09-04 01:00:00+00:00,9.93e-06,9.95e-06,9.87e-06,9.94e-06,25576899027.0,9.862e-06,9.7518e-06,9.722974741889562e-06,58.266577158682026,5.327471425803964e-08,5.264345342733408e-08,6.312608307055643e-10,1.0071428571428523e-07,9.862e-06,1.0007616656074481e-05,9.716383343925518e-06
2025-09-04 02:00:00+00:00,9.93e-06,9.94e-06,9.83e-06,9.84e-06,41622042919.0,9.866e-06,9.7598e-06,9.724139172318523e-06,49.56798126064654,4.434663517830596e-08,5.0984089777528455e-08,-6.637454599222494e-09,1.0214285714285665e-07,9.866e-06,1.0004016017377076e-05,9.727983982622925e-06
2025-09-04 03:00:00+00:00,9.84e-06,9.84e-06,9.72e-06,9.73e-06,28523955734.0,9.863e-06,9.765799999999999e-06,9.724197489011871e-06,42.11917215626906,2.8071397891583596e-08,4.640155140033949e-08,-1.8330153508755892e-08,1.0142857142857094e-07,9.863e-06,1.001026989187417e-05,9.71573010812583e-06
2025-09-04 04:00:00+00:00,9.73e-06,9.76e-06,9.71e-06,9.71e-06,20051066776.0,9.8595e-06,9.768400000000001e-06,9.72405622046449e-06,40.915265057062726,1.3404800041395555e-08,3.98022011285507e-08,-2.6397401087155144e-08,8.99999999999995e-08,9.8595e-06,1.0017976297414165e-05,9.701023702585834e-06
2025-09-04 05:00:00+00:00,9.7e-06,9.71e-06,9.6e-06,9.65e-06,38368198055.0,9.852e-06,9.7688e-06,9.723319342648923e-06,37.45631613609259,-3.025210240560305e-09,3.12367188547285e-08,-3.4261929095288804e-08,8.999999999999963e-08,9.852e-06,1.0034681776811331e-05,9.669318223188669e-06
2025-09-04 06:00:00+00:00,9.65e-06,9.65e-06,9.56e-06,9.58e-06,28683214901.0,9.839999999999999e-06,9.7678e-06,9.72189327953799e-06,33.85985518608206,-2.14472956723998e-08,2.069991594930284e-08,-4.214721162170264e-08,8.78571428571425e-08,9.839999999999999e-06,1.0059377108626837e-05,9.620622891373161e-06
2025-09-04 07:00:00+00:00,9.57e-06,9.63e-06,9.57e-06,9.6e-06,24620282090.0,9.831e-06,9.766599999999999e-06,9.720680411084875e-06,35.757815922239374,-3.404069826803007e-08,9.751793105836261e-09,-4.3792491373866334e-08,8.642857142857108e-08,9.831e-06,1.00742153042276e-05,9.587784695772398e-06
2025-09-04 08:00:00+00:00,9.59e-06,9.64e-06,9.56e-06,9.58e-06,31738219070.0,9.823e-06,9.7638e-06,9.719280605999453e-06,34.68590236695421,-4.5114837643318276e-08,-1.2215330439946474e-09,-4.389330459932363e-08,8.642857142857108e-08,9.823e-06,1.0088337917618863e-05,9.557662082381138e-06
2025-09-04 09:00:00+00:00,9.59e-06,9.62e-06,9.58e-06,9.62e-06,27250358004.0,9.8145e-06,9.7636e-06,9.718292739273092e-06,38.64720317825571,-5.00861452718965e-08,-1.099445548957502e-08,-3.9091689782321483e-08,8.214285714285684e-08,9.8145e-06,1.0094761156405008e-05,9.534238843594993e-06
2025-09-04 10:00:00+00:00,9.62e-06,9.65e-06,9.58e-06,9.58e-06,24532076305.0,9.7965e-06,9.761999999999999e-06,9.716916692116146e-06,36.2777101165655,-5.660114531967938e-08,-2.011579345559589e-08,-3.648535186408349e-08,8.357142857142838e-08,9.7965e-06,1.0088806616234965e-05,9.504193383765035e-06
2025-09-04 11:00:00+00:00,9.58e-06,9.64e-06,9.58e-06,9.6e-06,14254621569.0,9.781999999999999e-06,9.7598e-06,9.715753341945836e-06,38.31417731771397,-5.946502119392743e-08,-2.79856390032622e-08,-3.147938219066523e-08,8.428571428571409e-08,9.781999999999999e-06,1.0083407225841505e-05,9.480592774158493e-06
2025-09-04 12:00:00+00:00,9.6e-06,9.66e-06,9.56e-06,9.63e-06,33662829825.0,9.7705e-06,9.758799999999999e-06,9.7149000748618e-06,41.34238985458019,-5.863797213593e-08,-3.411610562979576e-08,-2.4521866506134237e-08,8.142857142857125e-08,9.7705e-06,1.0076886408933143e-05,9.464113591066858e-06
2025-09-04 13:00:00+00:00,9.62e-06,9.63e-06,9.53e-06,9.56e-06,35469217911.0,9.753499999999999e-06,9.7578e-06,9.713358780584567e-06,36.80255149915396,-6.290580581258798e-08,-3.987404566635421e-08,-2.3031760146233773e-08,8.285714285714267e-08,9.753499999999999e-06,1.0067273300665504e-05,9.439726699334494e-06
2025-09-04 14:00:00+00:00,9.56e-06,9.58e-06,9.45e-06,9.52e-06,63849832256.0,9.736e-06,9.76e-06,9.71143481261855e-06,34.47300899389239,-6.872355805711965e-08,-4.56439481445073e-08,-2.3079609912612352e-08,8.571428571428562e-08,9.736e-06,1.0061246465250423e-05,9.410753534749577e-06
2025-09-04 15:00:00+00:00,9.52e-06,9.53e-06,9.41e-06,9.47e-06,46352638427.0,9.712499999999999e-06,9.754e-06,9.709032476174585e-06,31.766228363556323,-7.648705559278264e-08,-5.181256963416237e-08,-2.4674485958620273e-08,8.857142857142857e-08,9.712499999999999e-06,1.004355095807459e-05,9.381449041925407e-06
2025-09-04 16:00:00+00:00,9.46e-06,9.48e-06,9.42e-06,9.45e-06,53158733218.0,9.689e-06,9.748799999999999e-06,9.706455038600709e-06,30.726935857247042,-8.329336214530677e-08,-5.810872813639126e-08,-2.5184634008915517e-08,8.500000000000015e-08,9.689e-06,1.0024725451741997e-05,9.353274548258002e-06
2025-09-04 17:00:00+00:00,9.46e-06,9.51e-06,9.45e-06,9.46e-06,28154402923.0,9.664e-06,9.7474e-06,9.70400274965941e-06,31.92617822500307,-8.687900560218107e-08,-6.386278362954922e-08,-2.3016221972631846e-08,8.071428571428591e-08,9.664e-06,9.989052222524967e-06,9.338947777475032e-06
2025-09-04 18:00:00+00:00,9.46e-06,9.5e-06,9.38e-06,9.41e-06,37768431369.0,9.6375e-06,9.743e-06,9.701077349165287e-06,29.20386791292364,-9.268680026951016e-08,-6.962758695754142e-08,-2.3059213311968746e-08,8.571428571428598e-08,9.6375e-06,9.954118648252203e-06,9.320881351747798e-06
2025-09-04 19:00:00+00:00,9.4e-06,9.46e-06,9.38e-06,9.39e-06,60821636181.0,9.613000000000001e-06,9.7368e-06,9.697982052158666e-06,28.16917954401444,-9.777624851007007e-08,-7.525731926804715e-08,-2.251892924202292e-08,8.357142857142873e-08,9.613000000000001e-06,9.92642589151773e-06,9.299574108482271e-06
2025-09-04 20:00:00+00:00,9.39e-06,9.47e-06,9.39e-06,9.44e-06,31819484295.0,9.588e-06,9.732e-06,9.695415066565048e-06,34.42431500986804,-9.666084472691956e-08,-7.953802435982165e-08,-1.7122820367097908e-08,8.285714285714304e-08,9.588e-06,9.869768848900168e-06,9.306231151099833e-06
2025-09-04 21:00:00+00:00,9.45e-06,9.49e-06,9.44e-06,9.47e-06,12912340223.0,9.5645e-06,9.7284e-06,9.693172130579327e-06,37.91757187098457,-9.229224239280514e-08,-8.208886796641836e-08,-1.0203374426386786e-08,8.214285714285745e-08,9.5645e-06,9.796695471192062e-06,9.332304528807937e-06
2025-09-04 22:00:00+00:00,9.47e-06,9.55e-06,9.46e-06,9.53e-06,27478443162.0,9.549e-06,9.7236e-06,9.691548527289982e-06,44.30754096978258,-8.303146002399398e-08,-8.227738637793349e-08,-7.540736460604919e-10,8.285714285714328e-08,9.549e-06,9.741807512410963e-06,9.356192487589036e-06
2025-09-04 23:00:00+00:00,9.55e-06,9.57e-06,9.45e-06,9.45e-06,39107425136.0,9.535e-06,9.717199999999999e-06,9.689145059356748e-06,38.60238386100057,-8.121140021909695e-08,-8.206418914616619e-08,8.527889270692357e-10,8.857142857142906e-08,9.535e-06,9.7125268697231e-06,9.357473130276899e-06
2025-09-05 00:00:00+00:00,9.44e-06,9.48e-06,9.41e-06,9.44e-06,45512733371.0,9.5215e-06,9.7104e-06,9.686666004039766e-06,37.94467231802447,-7.965766219282049e-08,-8.158288375549706e-08,1.9252215626765687e-09,8.857142857142906e-08,9.5215e-06,9.683367392119528e-06,9.359632607880472e-06
2025-09-05 01:00:00+00:00,9.44e-06,9.52e-06,9.43e-06,9.51e-06,13236076959.0,9.5145e-06,9.704599999999999e-06,9.684908133352804e-06,45.00791673138336,-7.194852086519242e-08,-7.965601117743614e-08,7.707490312243722e-09,9.07142857142863e-08,9.5145e-06,9.664654306596486e-06,9.364345693403515e-06
2025-09-05 02:00:00+00:00,9.51e-06,9.54e-06,9.48e-06,9.53e-06,12599479234.0,9.512e-06,9.699999999999999e-06,9.683366758891583e-06,46.86868530534266,-6.349322756445556e-08,-7.642345445484003e-08,1.2930226890384474e-08,8.785714285714335e-08,9.512e-06,9.659198398160614e-06,9.364801601839386e-06
2025-09-05 03:00:00+00:00,9.53e-06,9.53e-06,9.46e-06,9.53e-06,18070979570.0,9.5085e-06,9.6944e-06,9.681840721489678e-06,46.86868530534266,-5.614514047624939e-08,-7.236779165912192e-08,1.6222651182872524e-08,8.571428571428635e-08,9.5085e-06,9.650111031387122e-06,9.366888968612879e-06
2025-09-05 04:00:00+00:00,9.53e-06,9.55e-06,9.5e-06,9.53e-06,7006342538.0,9.506e-06,9.6884e-06,9.680329868539533e-06,46.86868530534266,-4.974826152707067e-08,-6.784388563271167e-08,1.8095624105641e-08,8.000000000000057e-08,9.506e-06,9.644016017377077e-06,9.367983982622923e-06
2025-09-05 05:00:00+00:00,9.53e-06,9.58e-06,9.52e-06,9.57e-06,11396250436.0,9.503499999999998e-06,9.6832e-06,9.679232058902325e-06,51.00952032774926,-4.0978646834385844e-08,-6.24708378730465e-08,2.1492191038660658e-08,7.57142857142862e-08,9.503499999999998e-06,9.63445197994925e-06,9.372548020050745e-06
2025-09-05 06:00:00+00:00,9.57e-06,9.58e-06,9.51e-06,9.54e-06,13470381688.0,9.5015e-06,9.678e-06,9.677846665281406e-06,47.988716998268174,-3.603403535909799e-08,-5.71834773702568e-08,2.1149442011158814e-08,7.642857142857179e-08,9.5015e-06,9.628700628929256e-06,9.374299371070745e-06
2025-09-05 07:00:00+00:00,9.55e-06,9.71e-06,9.55e-06,9.7e-06,53485876881.0,9.5065e-06,9.677200000000001e-06,9.678067096472637e-06,61.189594552802234,-1.8985874968386883e-08,-4.9543956889882825e-08,3.055808192149594e-08,8.428571428571456e-08,9.5065e-06,9.655923453383499e-06,9.3570765466165e-06
2025-09-05 08:00:00+00:00,9.7e-06,9.71e-06,9.62e-06,9.65e-06,16848457026.0,9.5075e-06,9.675e-06,9.67778782188087e-06,56.37431792815361,-9.40129489055276e-09,-4.151542449001681e-08,3.2114129599464054e-08,8.214285714285745e-08,9.5075e-06,9.660625335660206e-06,9.354374664339794e-06
2025-09-05 09:00:00+00:00,9.64e-06,9.65e-06,9.57e-06,9.64e-06,11391459217.0,9.5115e-06,9.672e-06,9.6774118236532e-06,55.434723930434124,-2.582592038795955e-09,-3.372885799977264e-08,3.114626596097669e-08,8.214285714285757e-08,9.5115e-06,9.67427527291847e-06,9.34872472708153e-06
2025-09-05 10:00:00+00:00,9.64e-06,9.69e-06,9.64e-06,9.64e-06,11407090396.0,9.517500000000002e-06,9.6692e-06,9.677039566701428e-06,55.434723930434124,2.789127768576782e-09,-2.642526084610276e-08,2.9214388614679542e-08,8.000000000000044e-08,9.517500000000002e-06,9.690142008670814e-06,9.344857991329189e-06
2025-09-05 11:00:00+00:00,9.64e-06,9.69e-06,9.63e-06,9.66e-06,14295195598.0,9.527e-06,9.6664e-06,9.676870018774052e-06,57.09347655296003,8.561396816878945e-09,-1.942792931350642e-08,2.7989326130385365e-08,8.071428571428615e-08,9.527e-06,9.709277983195703e-06,9.344722016804297e-06
2025-09-05 12:00:00+00:00,9.67e-06,9.84e-06,9.66e-06,9.83e-06,154051196472.0,9.546e-06,9.6666e-06,9.678393700179286e-06,67.99723333174686,2.654751761749123e-08,-1.023283992730689e-08,3.678035754479812e-08,8.714285714285752e-08,9.546e-06,9.769126114916862e-06,9.322873885083137e-06
2025-09-05 13:00:00+00:00,9.83e-06,9.89e-06,9.8e-06,9.85e-06,93365960204.0,9.565499999999998e-06,9.668e-06,9.680101225550637e-06,68.99549275815892,4.193211348557889e-08,2.001507552702665e-10,4.1731962730308625e-08,8.500000000000039e-08,9.565499999999998e-06,9.82256644645837e-06,9.308433553541627e-06
2025-09-05 14:00:00+00:00,9.84e-06,9.86e-06,9.5e-06,9.56e-06,268501274731.0,9.573000000000001e-06,9.6644e-06,9.678906188480482e-06,46.39633492725772,3.037380980974224e-08,6.234882566164662e-09,2.413892724357758e-08,1.0571428571428603e-07,9.573000000000001e-06,9.819499706415964e-06,9.326500293584038e-06
2025-09-05 15:00:00+00:00,9.55e-06,9.67e-06,9.54e-06,9.6e-06,59009835058.0,9.583499999999999e-06,9.6606e-06,9.678121052276695e-06,48.88336189387464,2.4162901689816552e-08,9.82048639089504e-09,1.4342415298921512e-08,1.0857142857142886e-07,9.583499999999999e-06,9.814586677745768e-06,9.35241332225423e-06
2025-09-05 16:00:00+00:00,9.6e-06,9.71e-06,9.59e-06,9.7e-06,42909619961.0,9.596499999999999e-06,9.6558e-06,9.678338753249067e-06,54.559509865323314,2.6998652858649684e-08,1.3256119684445969e-08,1.3742533174203715e-08,1.1285714285714323e-07,9.596499999999999e-06,9.822799754633905e-06,9.370200245366092e-06
2025-09-05 17:00:00+00:00,9.71e-06,9.71e-06,9.6e-06,9.63e-06,28017064044.0,9.6045e-06,9.6506e-06,9.677857770629674e-06,50.34514847094493,2.332867268769513e-08,1.52706302850958e-08,8.058042402599328e-09,1.1571428571428606e-07,9.6045e-06,9.82315377582884e-06,9.385846224171159e-06
2025-09-05 18:00:00+00:00,9.62e-06,9.71e-06,9.59e-06,9.69e-06,25935760288.0,9.6125e-06,9.6472e-06,9.677978588832364e-06,53.64997864398141,2.4973803064437736e-08,1.7211264840964187e-08,7.76253822347355e-09,1.2071428571428614e-07,9.6125e-06,9.831384732943591e-06,9.393615267056409e-06
2025-09-05 19:00:00+00:00,9.69e-06,9.72e-06,9.66e-06,9.72e-06,28473484388.0,9.626e-06,9.643599999999999e-06,9.67839671232657e-06,55.25359435507464,2.83712835241149e-08,1.944326857759433e-08,8.92801494652057e-09,1.2071428571428614e-07,9.626e-06,9.83580191158629e-06,9.416198088413712e-06
2025-09-05 20:00:00+00:00,9.71e-06,9.79e-06,9.7e-06,9.79e-06,34105244460.0,9.6435e-06,9.642e-06,9.679507192800933e-06,58.83262189972235,3.629385330278931e-08,2.281338552263333e-08,1.348046778015598e-08,1.2214285714285755e-07,9.6435e-06,9.846246925474768e-06,9.440753074525233e-06
2025-09-05 21:00:00+00:00,9.79e-06,9.8e-06,9.66e-06,9.73e-06,105728502234.0,9.6545e-06,9.6378e-06,9.680009608792964e-06,54.78754641159504,3.730106491511078e-08,2.571092140112882e-08,1.1590143513981957e-08,1.200000000000003e-07,9.6545e-06,9.85051020381602e-06,9.458489796183981e-06
2025-09-05 22:00:00+00:00,9.74e-06,9.83e-06,9.72e-06,9.8e-06,39952229202.0,9.668e-06,9.6354e-06,9.68120354303383e-06,58.38267220972295,4.324915304538971e-08,2.9218567729980997e-08,1.403058531540871e-08,1.2142857142857173e-07,9.668e-06,9.865094687369981e-06,9.470905312630018e-06
2025-09-05 23:00:00+00:00,9.8e-06,9.81e-06,9.74e-06,9.75e-06,9897600802.0,9.679e-06,9.631199999999999e-06,9.68188808489419e-06,55.01745456974628,4.342786422386461e-08,3.206042702875772e-08,1.1367437195106888e-08,1.207142857142859e-07,9.679e-06,9.868058609681586e-06,9.489941390318414e-06
2025-09-06 00:00:00+00:00,9.75e-06,9.81e-06,9.75e-06,9.78e-06,7934916977.0,9.691499999999999e-06,9.628e-06,9.682864322855442e-06,56.63266050320626,4.546613806199817e-08,3.4741569235405814e-08,1.0724568826592354e-08,1.214285714285715e-07,9.691499999999999e-06,9.871940980291112e-06,9.511059019708885e-06
2025-09-06 01:00:00+00:00,9.79e-06,9.8e-06,9.74e-06,9.74e-06,11428535315.0,9.7e-06,9.6252e-06,9.683432837055885e-06,53.855886874743284,4.335406043589849e-08,3.646406747550435e-08,6.889992960394141e-09,1.2142857142857136e-07,9.7e-06,9.872168827791661e-06,9.52783117220834e-06
2025-09-06 02:00:00+00:00,9.75e-06,9.76e-06,9.7e-06,9.75e-06,9979856279.0,9.7105e-06,9.6214e-06,9.684095196886175e-06,54.45708692705921,4.2002956193956895e-08,3.757184521919486e-08,4.431110974762032e-09,1.1285714285714275e-07,9.7105e-06,9.866431833959913e-06,9.554568166040087e-06
2025-09-06 03:00:00+00:00,9.75e-06,9.8e-06,9.73e-06,9.76e-06,15902487862.0,9.7135e-06,9.6178e-06,9.68485046855895e-06,55.087255848307116,4.126345336971402e-08,3.83101668492987e-08,2.953286520415321e-09,1.1142857142857121e-07,9.7135e-06,9.870883206487246e-06,9.556116793512752e-06
2025-09-06 04:00:00+00:00,9.75e-06,9.76e-06,9.7e-06,9.71e-06,20279264490.0,9.716500000000001e-06,9.6152e-06,9.685100712652893e-06,51.26752129835128,3.6225228041662376e-08,3.789317908777144e-08,-1.6679510461090654e-09,8.999999999999975e-08,9.716500000000001e-06,9.871048578634331e-06,9.561951421365671e-06
2025-09-06 05:00:00+00:00,9.71e-06,9.71e-06,9.64e-06,9.65e-06,15135108428.0,9.716999999999999e-06,9.613599999999999e-06,9.684751451830476e-06,47.0513338293112,2.707875260753028e-08,3.573029379172321e-08,-8.651541184192932e-09,8.57142857142855e-08,9.716999999999999e-06,9.87056808879039e-06,9.563431911209607e-06
2025-09-06 06:00:00+00:00,9.65e-06,9.69e-06,9.65e-06,9.67e-06,7412242507.0,9.7185e-06,9.612799999999999e-06,9.684604671215248e-06,48.56964417169059,2.1199562422868286e-08,3.2824147517952224e-08,-1.1624585095083938e-08,7.999999999999972e-08,9.7185e-06,9.869465314942825e-06,9.567534685057175e-06
2025-09-06 07:00:00+00:00,9.67e-06,9.68e-06,9.64e-06,9.68e-06,3419884647.0,9.7195e-06,9.6134e-06,9.684558853591216e-06,49.35167753129835,1.7149489629496745e-08,2.968921594026113e-08,-1.2539726310764385e-08,7.499999999999977e-08,9.7195e-06,9.869092428741694e-06,9.569907571258307e-06
2025-09-06 08:00:00+00:00,9.67e-06,9.7e-06,9.65e-06,9.66e-06,9514967990.0,9.710999999999999e-06,9.615e-06,9.684314486888817e-06,47.786632435956015,1.2185478299881546e-08,2.6188468412185214e-08,-1.4002990112303668e-08,6.999999999999969e-08,9.710999999999999e-06,9.85329694674387e-06,9.568703053256128e-06
2025-09-06 09:00:00+00:00,9.65e-06,9.65e-06,9.59e-06,9.6e-06,13918988832.0,9.6985e-06,9.615e-06,9.683475536770521e-06,43.34567468383523,3.3711049983325573e-09,2.1624995729414685e-08,-1.8253890731082128e-08,7.071428571428552e-08,9.6985e-06,9.83309881910797e-06,9.56390118089203e-06
2025-09-06 10:00:00+00:00,9.61e-06,9.63e-06,9.57e-06,9.63e-06,7799970427.0,9.702e-06,9.616e-06,9.682943441877283e-06,46.045600112893446,-1.1799977877629322e-09,1.706399702597916e-08,-1.8243994813742093e-08,6.85714285714284e-08,9.702e-06,9.824534635275509e-06,9.57946536472449e-06
2025-09-06 11:00:00+00:00,9.62e-06,9.63e-06,9.59e-06,9.62e-06,15012400202.0,9.703e-06,9.616e-06,9.682317138973031e-06,45.27113210738708,-5.5299501382626714e-09,1.2545207593130795e-08,-1.8075157731393467e-08,6.142857142857132e-08,9.703e-06,9.822313827671737e-06,9.583686172328263e-06
2025-09-06 12:00:00+00:00,9.62e-06,9.68e-06,9.61e-06,9.64e-06,14628187850.0,9.7e-06,9.6172e-06,9.681896072913598e-06,47.18446996729662,-7.279571493915528e-09,8.580251775721532e-09,-1.585982326963706e-08,5.8571428571428497e-08,9.7e-06,9.822603339870354e-06,9.577396660129647e-06
2025-09-06 13:00:00+00:00,9.63e-06,9.66e-06,9.6e-06,9.64e-06,16497471611.0,9.700500000000001e-06,9.618e-06,9.681479196566199e-06,47.18446996729662,-8.56739937661903e-09,5.150721545253419e-09,-1.371812092187245e-08,5.7857142857142906e-08,9.700500000000001e-06,9.821977743250607e-06,9.579022256749396e-06
2025-09-06 14:00:00+00:00,9.63e-06,9.69e-06,9.63e-06,9.66e-06,8834548665.0,9.699e-06,9.6186e-06,9.681265473217283e-06,49.24246849715569,-7.883305559629864e-09,2.5439161242767625e-09,-1.0427221683906626e-08,5.785714285714303e-08,9.699e-06,9.821757784617545e-06,9.576242215382455e-06
2025-09-06 15:00:00+00:00,9.66e-06,9.67e-06,9.59e-06,9.6e-06,15150678276.0,9.693e-06,9.6194e-06,9.680456861543478e-06,43.73650383592999,-1.2043821166722856e-08,-3.736313339231613e-10,-1.1670189832799695e-08,5.928571428571456e-08,9.693e-06,9.822955457956289e-06,9.563044542043712e-06
2025-09-06 16:00:00+00:00,9.59e-06,9.66e-06,9.57e-06,9.65e-06,43891733924.0,9.686e-06,9.622e-06,9.680153808194786e-06,48.86741816523824,-1.1177628879782361e-08,-2.5344308430950012e-09,-8.64319803668736e-09,6.142857142857181e-08,9.686e-06,9.808843503351974e-06,9.563156496648026e-06
2025-09-06 17:00:00+00:00,9.65e-06,9.67e-06,9.59e-06,9.62e-06,16442446761.0,9.6805e-06,9.625e-06,9.679555262839616e-06,46.14811310939645,-1.2764770206199168e-08,-4.580498715715835e-09,-8.184271490483333e-09,6.214285714285764e-08,9.6805e-06,9.804889033194027e-06,9.556110966805973e-06
2025-09-06 18:00:00+00:00,9.61e-06,9.64e-06,9.59e-06,9.64e-06,9599935010.0,9.672500000000001e-06,9.6288e-06,9.679161678134744e-06,48.21691946992418,-1.226734793822208e-08,-6.117868560217084e-09,-6.149479378004996e-09,6.142857142857193e-08,9.672500000000001e-06,9.784491541033936e-06,9.560508458966066e-06
2025-09-06 19:00:00+00:00,9.64e-06,9.64e-06,9.54e-06,9.56e-06,8730804826.0,9.662999999999999e-06,9.6308e-06,9.677975989795095e-06,41.370623652575624,-1.811959718196441e-08,-8.51821428456655e-09,-9.60138289739786e-09,6.357142857142893e-08,9.662999999999999e-06,9.779456452217797e-06,9.5465435477822e-06
2025-09-06 20:00:00+00:00,9.56e-06,9.64e-06,9.55e-06,9.64e-06,8616655009.0,9.656e-06,9.6354e-06,9.67759811924987e-06,49.14669236132395,-1.6116435225555715e-08,-1.0037858472764383e-08,-6.078576752791332e-09,6.714285714285747e-08,9.656e-06,9.758884708085766e-06,9.553115291914235e-06
2025-09-06 21:00:00+00:00,9.64e-06,9.66e-06,9.62e-06,9.66e-06,26628175908.0,9.652e-06,9.640800000000001e-06,9.677423013585693e-06,50.89997222363425,-1.2767901667396354e-08,-1.0583867111690778e-08,-2.184034555705576e-09,6.714285714285747e-08,9.652e-06,9.74705676974147e-06,9.55694323025853e-06
2025-09-06 22:00:00+00:00,9.67e-06,9.68e-06,9.63e-06,9.63e-06,15494664885.0,9.645999999999999e-06,9.6446e-06,9.676951142803746e-06,48.21470509253822,-1.2392065954679394e-08,-1.0945506880288502e-08,-1.4465590743908916e-09,6.714285714285759e-08,9.645999999999999e-06,9.729451845553675e-06,9.562548154446322e-06
2025-09-06 23:00:00+00:00,9.64e-06,9.67e-06,9.62e-06,9.64e-06,13173898247.0,9.64e-06,9.648e-06,9.676583469741022e-06,49.17718592111914,-1.1158666852640074e-08,-1.0988138874758817e-08,-1.7052797788125702e-10,6.571428571428617e-08,9.64e-06,9.703907828364881e-06,9.576092171635117e-06
2025-09-07 00:00:00+00:00,9.64e-06,9.68e-06,9.63e-06,9.68e-06,22540401359.0,9.6385e-06,9.651e-06,9.676617465066982e-06,52.944571259932474,-6.87428103933036e-09,-1.0165367307673126e-08,3.291086268342766e-09,6.500000000000058e-08,9.6385e-06,9.696637767414988e-06,9.58036223258501e-06
2025-09-07 01:00:00+00:00,9.67e-06,9.76e-06,9.66e-06,9.75e-06,23137886819.0,9.6435e-06,9.657e-06,9.677347639543927e-06,58.712532249270986,2.14481646157482e-09,-7.703330553823536e-09,9.848147015398356e-09,6.928571428571484e-08,9.6435e-06,9.720078133473695e-06,9.566921866526305e-06
2025-09-07 02:00:00+00:00,9.75e-06,9.76e-06,9.71e-06,9.75e-06,11187331171.0,9.6475e-06,9.6632e-06,9.678070548603193e-06,58.712532249270986,9.186618589501267e-09,-4.325340725158576e-09,1.3511959314659843e-08,6.78571428571433e-08,9.6475e-06,9.737148436156255e-06,9.557851563843746e-06
2025-09-07 03:00:00+00:00,9.74e-06,9.75e-06,9.7e-06,9.71e-06,14461638731.0,9.648999999999999e-06,9.6672e-06,9.678388254587242e-06,54.30135447733818,1.1408126027739958e-08,-1.1786473745788694e-09,1.2586773402318827e-08,6.714285714285747e-08,9.648999999999999e-06,9.741883628380094e-06,9.556116371619904e-06
2025-09-07 04:00:00+00:00,9.72e-06,9.76e-06,9.7e-06,9.75e-06,14355825146.0,9.6535e-06,9.6716e-06,9.679100809267967e-06,57.72210781136795,1.6209499365075217e-08,2.298981973351948e-09,1.3910517391723268e-08,6.714285714285735e-08,9.6535e-06,9.756767664475937e-06,9.550232335524063e-06
2025-09-07 05:00:00+00:00,9.76e-06,9.82e-06,9.74e-06,9.82e-06,22655936317.0,9.664499999999999e-06,9.6774e-06,9.6805027912653e-06,62.948974207519925,2.537058104685925e-08,6.913301788053409e-09,1.8457279258805842e-08,6.714285714285722e-08,9.664499999999999e-06,9.788550074778816e-06,9.540449925221181e-06
2025-09-07 06:00:00+00:00,9.82e-06,9.82e-06,9.73e-06,9.78e-06,12678484421.0,9.672e-06,9.6824e-06,9.681492813242758e-06,58.498374781847204,2.9068060073364103e-08,1.134425344511555e-08,1.7723806628248554e-08,6.71428571428571e-08,9.672e-06,9.805076946479128e-06,9.538923053520872e-06
2025-09-07 07:00:00+00:00,9.77e-06,9.78e-06,9.73e-06,9.75e-06,9979539429.0,9.6785e-06,9.685999999999998e-06,9.682174476792584e-06,55.33827074460647,2.9240523013521406e-08,1.492350735879672e-08,1.4317015654724685e-08,6.499999999999987e-08,9.6785e-06,9.813567234719362e-06,9.543432765280639e-06
2025-09-07 08:00:00+00:00,9.75e-06,9.82e-06,9.74e-06,9.76e-06,21291741039.0,9.6845e-06,9.6904e-06,9.682948860108081e-06,56.18787240527891,2.984013901491724e-08,1.7906833690020825e-08,1.1933305324896414e-08,6.714285714285698e-08,9.6845e-06,9.822984276135741e-06,9.54601572386426e-06
2025-09-07 09:00:00+00:00,9.76e-06,9.79e-06,9.73e-06,9.78e-06,7835565869.0,9.691499999999999e-06,9.692e-06,9.68391454309208e-06,57.91231802832164,3.156530666256355e-08,2.063852828452937e-08,1.0926778378034177e-08,6.428571428571416e-08,9.691499999999999e-06,9.834589960661476e-06,9.548410039338521e-06
2025-09-07 10:00:00+00:00,9.79e-06,9.83e-06,9.77e-06,9.83e-06,9305178235.0,9.7e-06,9.695599999999999e-06,9.685368129727981e-06,61.94497989290435,3.654581913108922e-08,2.381998645384134e-08,1.272583267724788e-08,6.214285714285715e-08,9.7e-06,9.85491933384829e-06,9.54508066615171e-06
2025-09-07 11:00:00+00:00,9.84e-06,9.88e-06,9.8e-06,9.88e-06,22660364148.0,9.713999999999999e-06,9.7004e-06,9.687304765253077e-06,65.50444411800126,4.4020057456790616e-08,2.78600006544312e-08,1.6160056802359416e-08,6.499999999999999e-08,9.713999999999999e-06,9.881004569745221e-06,9.546995430254776e-06
2025-09-07 12:00:00+00:00,9.89e-06,9.89e-06,9.83e-06,9.85e-06,16024376246.0,9.724e-06,9.704599999999999e-06,9.688923623310261e-06,61.77113304940779,4.698112671530839e-08,3.168422586660664e-08,1.529690084870175e-08,6.571428571428556e-08,9.724e-06,9.898645505615164e-06,9.549354494384837e-06
2025-09-07 13:00:00+00:00,9.85e-06,9.9e-06,9.83e-06,9.87e-06,28628356196.0,9.7365e-06,9.708800000000001e-06,9.690725378302199e-06,63.2739000458991,5.036109691254998e-08,3.541960007579531e-08,1.4941496836754673e-08,6.714285714285686e-08,9.7365e-06,9.915535427249815e-06,9.557464572750187e-06
2025-09-07 14:00:00+00:00,9.87e-06,9.94e-06,9.86e-06,9.9e-06,50765893563.0,9.7495e-06,9.710199999999999e-06,9.692807712846456e-06,65.46677232067188,5.482846846978758e-08,3.930137375459376e-08,1.552709471519382e-08,6.928571428571386e-08,9.7495e-06,9.936608187111647e-06,9.562391812888353e-06
2025-09-07 15:00:00+00:00,9.89e-06,9.95e-06,9.87e-06,9.91e-06,21560835962.0,9.767e-06,9.7114e-06,9.694968830131566e-06,66.19142323115764,5.8501440846886924e-08,4.3141387173052395e-08,1.536005367383453e-08,6.785714285714245e-08,9.767e-06,9.944716509910399e-06,9.5892834900896e-06
2025-09-07 16:00:00+00:00,9.91e-06,9.93e-06,9.85e-06,9.87e-06,17374012426.0,9.7785e-06,9.7176e-06,9.696710433811848e-06,60.70417153571222,5.752155948026074e-08,4.601742163449406e-08,1.1504137845766675e-08,6.999999999999957e-08,9.7785e-06,9.951312645736101e-06,9.605687354263898e-06
2025-09-07 17:00:00+00:00,9.87e-06,9.9e-06,9.81e-06,9.81e-06,22560408261.0,9.786e-06,9.7218e-06,9.697837693176905e-06,53.53502999377829,5.131200502515526e-08,4.707633831262631e-08,4.235666712528951e-09,7.285714285714252e-08,9.786e-06,9.94995121225534e-06,9.622048787744661e-06
2025-09-07 18:00:00+00:00,9.8e-06,9.83e-06,9.76e-06,9.8e-06,23610643472.0,9.794499999999999e-06,9.7238e-06,9.698854233543305e-06,52.42378347715462,4.5064496491664256e-08,4.66739699484339e-08,-1.6094734567696437e-09,7.357142857142835e-08,9.794499999999999e-06,9.941107244740912e-06,9.647892755259087e-06
2025-09-07 19:00:00+00:00,9.81e-06,9.85e-06,9.78e-06,9.82e-06,17493004129.0,9.8035e-06,9.7276e-06,9.700059664055311e-06,54.45980303714658,4.125161092848146e-08,4.5589498144443415e-08,-4.337887215961958e-09,7.285714285714276e-08,9.8035e-06,9.931031213929416e-06,9.675968786070584e-06
2025-09-07 20:00:00+00:00,9.82e-06,9.85e-06,9.78e-06,9.84e-06,10735615648.0,9.8115e-06,9.7306e-06,9.70145210520899e-06,56.46614012957577,3.938964519176023e-08,4.434952755390678e-08,-4.959882362146549e-09,7.142857142857148e-08,9.8115e-06,9.925798777448888e-06,9.697201222551114e-06
2025-09-07 21:00:00+00:00,9.84e-06,9.85e-06,9.81e-06,9.82e-06,22298905768.0,9.815e-06,9.7326e-06,9.702631686251687e-06,53.90843538955078,3.5886513686445284e-08,4.2656924780414486e-08,-6.770411093969202e-09,7.071428571428589e-08,9.815e-06,9.925596468964261e-06,9.704403531035739e-06
2025-09-07 22:00:00+00:00,9.81e-06,9.92e-06,9.81e-06,9.91e-06,71952896334.0,9.822999999999999e-06,9.734999999999999e-06,9.704695052557639e-06,62.20493035302607,3.9912419046254436e-08,4.210802363358248e-08,-2.1956045873280413e-09,7.285714285714313e-08,9.822999999999999e-06,9.936897460809892e-06,9.709102539190105e-06
2025-09-07 23:00:00+00:00,9.91e-06,9.95e-06,9.87e-06,9.88e-06,27817170040.0,9.831499999999999e-06,9.737999999999999e-06,9.706439380392887e-06,58.429480903884254,4.021861362677529e-08,4.1730141632221037e-08,-1.5115280054457492e-09,7.428571428571454e-08,9.831499999999999e-06,9.934767664475909e-06,9.72823233552409e-06
2025-09-08 00:00:00+00:00,9.89e-06,9.92e-06,9.82e-06,9.84e-06,25478051583.0,9.836e-06,9.7388e-06,9.707768341782014e-06,53.74555691229657,3.6809294695537985e-08,4.074597224488443e-08,-3.936677549346444e-09,7.714285714285738e-08,9.836e-06,9.931894679068639e-06,9.740105320931362e-06
2025-09-08 01:00:00+00:00,9.84e-06,9.87e-06,9.83e-06,9.85e-06,17691281968.0,9.837499999999999e-06,9.7408e-06,9.709183582162292e-06,54.722754753069474,3.451641753065936e-08,3.9500061302039415e-08,-4.983643771380056e-09,7.428571428571442e-08,9.837499999999999e-06,9.93327935169189e-06,9.741720648308106e-06
2025-09-08 02:00:00+00:00,9.85e-06,9.99e-06,9.82e-06,9.98e-06,40809327644.0,9.8475e-06,9.7448e-06,9.711878272887047e-06,65.057707088058,4.26970246803333e-08,4.01394539776982e-08,2.5575707026351022e-09,8.214285714285733e-08,9.8475e-06,9.958547642691597e-06,9.736452357308404e-06
2025-09-08 03:00:00+00:00,9.99e-06,1.009e-05,9.97e-06,1e-05,54157490796.0,9.86e-06,9.75e-06,9.714745155743892e-06,66.33100481719072,5.021519809184064e-08,4.2154602800526684e-08,8.060595291313955e-09,8.571428571428598e-08,9.86e-06,9.980699714385009e-06,9.739300285614992e-06
2025-09-08 04:00:00+00:00,1e-05,1.002e-05,9.91e-06,9.98e-06,69993664423.0,9.871000000000001e-06,9.7546e-06,9.717384507428034e-06,63.82626467106342,5.39378103305785e-08,4.4511244306537054e-08,9.426566024041445e-09,8.785714285714323e-08,9.871000000000001e-06,9.99341430944904e-06,9.748585690550962e-06
2025-09-08 05:00:00+00:00,9.98e-06,1.008e-05,9.97e-06,1.004e-05,36015203593.0,9.884e-06,9.7602e-06,9.720594611831735e-06,67.75953128308302,6.10260357560231e-08,4.7814202596434265e-08,1.3211833159588832e-08,9.000000000000048e-08,9.884e-06,1.0020173264243487e-05,9.747826735756514e-06
2025-09-08 06:00:00+00:00,1.005e-05,1.006e-05,9.98e-06,1e-05,32186763997.0,9.8925e-06,9.766e-06,9.723374764947838e-06,62.85294872694934,6.269315213486373e-08,5.078999250412016e-08,1.1903159630743566e-08,9.00000000000006e-08,9.8925e-06,1.0035531097097208e-05,9.749468902902793e-06
2025-09-08 07:00:00+00:00,1e-05,1.007e-05,9.99e-06,1.003e-05,33614712548.0,9.9e-06,9.7736e-06,9.726425762311542e-06,64.90549869944023,6.56780079629041e-08,5.3767595595876954e-08,1.191041236702715e-08,8.928571428571488e-08,9.9e-06,1.005546196014659e-05,9.74453803985341e-06
2025-09-08 08:00:00+00:00,1.003e-05,1.019e-05,1.003e-05,1.012e-05,171457004520.0,9.913500000000001e-06,9.782600000000002e-06,9.730341923880582e-06,70.22142803876534,7.44475900736128e-08,5.790359449142413e-08,1.6543995582188675e-08,9.571428571428626e-08,9.913500000000001e-06,1.0095335669015469e-05,9.731664330984533e-06
2025-09-08 09:00:00+00:00,1.011e-05,1.022e-05,1.011e-05,1.017e-05,29818141098.0,9.928500000000002e-06,9.7924e-06,9.73471663110565e-06,72.69588762489302,8.445854369227395e-08,6.321458433159409e-08,2.1243959360679862e-08,9.857142857142908e-08,9.928500000000002e-06,1.0141970076788756e-05,9.715029923211247e-06
2025-09-08 10:00:00+00:00,1.016e-05,1.022e-05,1.014e-05,1.015e-05,25984268426.0,9.941e-06,9.802199999999999e-06,9.73884880393047e-06,70.18367006261879,8.974395130014617e-08,6.85204577253045e-08,2.1223493574841668e-08,9.928571428571479e-08,9.941e-06,1.0175668859638845e-05,9.706331140361156e-06
2025-09-08 11:00:00+00:00,1.015e-05,1.015e-05,1.006e-05,1.013e-05,17261354934.0,9.951999999999999e-06,9.8128e-06,9.742740855632654e-06,67.66541991386447,9.126677547953134e-08,7.306972127614988e-08,1.8197054203381463e-08,1.028571428571432e-07,9.951999999999999e-06,1.0200752677848553e-05,9.703247322151445e-06
2025-09-08 12:00:00+00:00,1.013e-05,1.015e-05,1.005e-05,1.014e-05,42804736607.0,9.965500000000001e-06,9.822999999999999e-06,9.746693682939794e-06,68.27829781876041,9.221751493085146e-08,7.68992800070902e-08,1.5318234923761262e-08,1.0214285714285737e-07,9.965500000000001e-06,1.0224605749595929e-05,9.706394250404074e-06
2025-09-08 13:00:00+00:00,1.014e-05,1.034e-05,1.012e-05,1.013e-05,179653141423.0,9.9815e-06,9.8332e-06,9.750507676144374e-06,66.912462201322,9.111376361856944e-08,7.974217672938604e-08,1.1371586889183396e-08,1.121428571428574e-07,9.9815e-06,1.023969413340798e-05,9.723305866592018e-06
2025-09-08 14:00:00+00:00,1.013e-05,1.025e-05,1.012e-05,1.024e-05,36064267528.0,1.00035e-05,9.8452e-06,9.755378246530997e-06,73.25113666948364,9.798559648081529e-08,8.339086067967189e-08,1.45947358011434e-08,1.1428571428571453e-07,1.00035e-05,1.0271378605656373e-05,9.735621394343627e-06
2025-09-08 15:00:00+00:00,1.024e-05,1.036e-05,1.023e-05,1.031e-05,96789944765.0,1.0028e-05,9.858599999999999e-06,9.760896870943626e-06,76.35538390674432,1.0783691172638222e-07,8.828007088901396e-08,1.9556840837368258e-08,1.20714285714286e-07,1.0028e-05,1.0314216701119939e-05,9.74178329888006e-06
2025-09-08 16:00:00+00:00,1.032e-05,1.036e-05,1.026e-05,1.03e-05,60464631321.0,1.0050999999999999e-05,9.8714e-06,9.766261081182994e-06,75.01604108108249,1.1352854718400706e-07,9.332976614801259e-08,2.0198781035994474e-08,1.1571428571428606e-07,1.0050999999999999e-05,1.0347356826175865e-05,9.754643173824133e-06
2025-09-08 17:00:00+00:00,1.03e-05,1.035e-05,1.022e-05,1.024e-05,33088726412.0,1.0072e-05,9.884200000000001e-06,9.770974901270726e-06,67.37919808308436,1.1190770832961879e-07,9.704535458433384e-08,1.4862353745284955e-08,1.1642857142857164e-07,1.0072e-05,1.0358804536409801e-05,9.785195463590197e-06
2025-09-08 18:00:00+00:00,1.024e-05,1.032e-05,1.022e-05,1.029e-05,16427509731.0,1.0090999999999999e-05,9.897e-06,9.776139330113803e-06,70.10999351683161,1.1335112280746887e-07,1.0030650822896086e-07,1.3044614578508016e-08,1.1571428571428581e-07,1.0090999999999999e-05,1.038291923901182e-05,9.799080760988177e-06
2025-09-08 19:00:00+00:00,1.03e-05,1.03e-05,1.016e-05,1.02e-05,34223242610.0,1.0107e-05,9.908599999999999e-06,9.780356849217149e-06,60.32134489478379,1.060107652296301e-07,1.0144735962909472e-07,4.563405600535387e-09,1.1785714285714294e-07,1.0107e-05,1.038497008547869e-05,9.82902991452131e-06
2025-09-08 20:00:00+00:00,1.02e-05,1.022e-05,1.012e-05,1.017e-05,49108100956.0,1.01235e-05,9.919199999999998e-06,9.784233895493595e-06,57.4423654982061,9.665851054352062e-08,1.004895898119799e-07,-3.8310792684592825e-09,1.1928571428571435e-07,1.01235e-05,1.0372394397390958e-05,9.874605602609043e-06
2025-09-08 21:00:00+00:00,1.017e-05,1.03e-05,1.015e-05,1.029e-05,18756934022.0,1.0145500000000001e-05,9.933800000000001e-06,9.789266394045898e-06,64.69988672567484,9.78023735610316e-08,9.995214656179026e-08,-2.14977300075865e-09,1.242857142857143e-07,1.0145500000000001e-05,1.0369104443981772e-05,9.921895556018231e-06
2025-09-08 22:00:00+00:00,1.029e-05,1.035e-05,1.028e-05,1.03e-05,96010126822.0,1.01615e-05,9.947e-06,9.794348320473303e-06,65.23198779673493,9.838172636892666e-08,9.963806252321754e-08,-1.2563361542908855e-09,1.1785714285714282e-07,1.01615e-05,1.0380999430523122e-05,9.942000569476877e-06
2025-09-08 23:00:00+00:00,1.029e-05,1.034e-05,1.027e-05,1.031e-05,42151792200.0,1.0177e-05,9.96e-06,9.799479182956156e-06,65.787366500531,9.851219678686203e-08,9.941288937594644e-08,-9.006925890844127e-10,1.1499999999999987e-07,1.0177e-05,1.0392220816836975e-05,9.961779183163024e-06
2025-09-09 00:00:00+00:00,1.031e-05,1.043e-05,1.021e-05,1.031e-05,150275149101.0,1.01935e-05,9.9736e-06,9.804558992080973e-06,65.787366500531,9.749177108254275e-08,9.902866571726571e-08,-1.5368946347229562e-09,1.2499999999999978e-07,1.01935e-05,1.0395310228732407e-05,9.991689771267593e-06
2025-09-09 01:00:00+00:00,1.031e-05,1.034e-05,1.021e-05,1.024e-05,71206196857.0,1.02035e-05,9.985600000000001e-06,9.808891738428426e-06,58.23534187751682,8.999722933605354e-08,9.722237844102328e-08,-7.225149104969747e-09,1.278571428571426e-07,1.02035e-05,1.039271166092911e-05,1.001428833907089e-05
2025-09-09 02:00:00+00:00,1.024e-05,1.027e-05,1.016e-05,1.02e-05,89175818627.0,1.02135e-05,9.995999999999997e-06,9.812783362921677e-06,54.392879856707,7.990894472742608e-08,9.375969169830385e-08,-1.3850746970877768e-08,1.2857142857142842e-07,1.02135e-05,1.0376791795649043e-05,1.0050208204350957e-05
2025-09-09 03:00:00+00:00,1.02e-05,1.035e-05,1.018e-05,1.034e-05,59317660026.0,1.0229e-05,1.00078e-05,9.818029299609024e-06,63.47631752634859,8.226246596309059e-08,9.146024655126121e-08,-9.197780588170623e-09,1.2499999999999978e-07,1.0229e-05,1.0377096696718462e-05,1.0080903303281538e-05
2025-09-09 04:00:00+00:00,1.033e-05,1.034e-05,1.027e-05,1.033e-05,39081475881.0,1.0239499999999999e-05,1.00194e-05,9.82312353543381e-06,62.51849998180065,8.237120805982848e-08,8.964243885297466e-08,-7.27123079314618e-09,1.207142857142854e-07,1.0239499999999999e-05,1.0384809107911642e-05,1.0094190892088356e-05
2025-09-09 05:00:00+00:00,1.032e-05,1.035e-05,1.028e-05,1.035e-05,23030280468.0,1.0248499999999999e-05,1.00322e-05,9.828366087320041e-06,63.698311334298324,8.311314322895473e-08,8.833657972817068e-08,-5.2234364992159536e-09,1.1642857142857105e-07,1.0248499999999999e-05,1.0397923453383411e-05,1.0099076546616586e-05
2025-09-09 06:00:00+00:00,1.035e-05,1.065e-05,1.034e-05,1.06e-05,167502292119.0,1.0271e-05,1.0049199999999999e-05,9.836044036699941e-06,74.5024256527488,1.0269029308249945e-07,9.120732239903643e-08,1.1482970683463018e-08,1.3142857142857102e-07,1.0271e-05,1.0481152826595998e-05,1.0060847173404003e-05
2025-09-09 07:00:00+00:00,1.061e-05,1.065e-05,1.053e-05,1.06e-05,62359687873.0,1.02945e-05,1.00648e-05,9.843645588573574e-06,74.5024256527488,1.1685825615199993e-07,9.633750914962914e-08,2.052074700237079e-08,1.307142857142853e-07,1.02945e-05,1.0540347620756334e-05,1.0048652379243665e-05
2025-09-09 08:00:00+00:00,1.06e-05,1.081e-05,1.057e-05,1.08e-05,109312383233.0,1.03275e-05,1.00852e-05,9.853161552866376e-06,80.01969125605176,1.4258121005372089e-07,1.055862493304475e-07,3.699496072327338e-08,1.4071428571428534e-07,1.03275e-05,1.0650959913728802e-05,1.0004040086271199e-05
2025-09-09 09:00:00+00:00,1.08e-05,1.084e-05,1.069e-05,1.073e-05,43004168882.0,1.03575e-05,1.01048e-05,9.861886313534373e-06,73.98543198457298,1.5552561883650857e-07,1.1557412323165972e-07,3.9951495604848844e-08,1.4142857142857103e-07,1.03575e-05,1.071349379060222e-05,1.000150620939778e-05
2025-09-09 10:00:00+00:00,1.074e-05,1.076e-05,1.065e-05,1.066e-05,46660346504.0,1.0378499999999999e-05,1.0122799999999999e-05,9.86982774325045e-06,68.42833766385486,1.5831083234055652e-07,1.241214650534391e-07,3.418936728711743e-08,1.4214285714285675e-07,1.0378499999999999e-05,1.0754309302145271e-05,1.0002690697854727e-05
2025-09-09 11:00:00+00:00,1.067e-05,1.073e-05,1.065e-05,1.066e-05,33622917810.0,1.0396e-05,1.0140399999999999e-05,9.877690153765372e-06,68.42833766385486,1.586888676233216e-07,1.310349455674156e-07,2.7653922055906e-08,1.371428571428568e-07,1.0396e-05,1.0790509689027798e-05,1.0001490310972202e-05
2025-09-09 12:00:00+00:00,1.067e-05,1.082e-05,1.063e-05,1.07e-05,126339642581.0,1.0416e-05,1.01578e-05,9.885872341290094e-06,69.92537651486091,1.6036751215969713e-07,1.369014588858719e-07,2.3466053273825225e-08,1.4571428571428542e-07,1.0416e-05,1.0830088726825759e-05,1.0001911273174241e-05
2025-09-09 13:00:00+00:00,1.07e-05,1.079e-05,1.066e-05,1.072e-05,83291160157.0,1.044e-05,1.0174599999999999e-05,9.8941721189887e-06,70.67413396385854,1.61450581102332e-07,1.4181128332916393e-07,1.9639297773168074e-08,1.4999999999999978e-07,1.044e-05,1.0866589905375628e-05,1.0013410094624372e-05
2025-09-09 14:00:00+00:00,1.072e-05,1.076e-05,1.033e-05,1.038e-05,270371472349.0,1.04445e-05,1.01852e-05,9.89900622725747e-06,48.546587229107935,1.3333673960607879e-07,1.401163745845469e-07,-6.779634978468116e-09,1.6499999999999988e-07,1.04445e-05,1.0866299403558221e-05,1.0022700596441778e-05
2025-09-09 15:00:00+00:00,1.037e-05,1.038e-05,1.013e-05,1.02e-05,226101739814.0,1.04445e-05,1.0191800000000001e-05,9.902001190170332e-06,41.19335607346118,9.543174425025496e-08,1.311794485176885e-07,-3.574770426743355e-08,1.735714285714286e-07,1.04445e-05,1.0866299403558221e-05,1.0022700596441778e-05
2025-09-09 16:00:00+00:00,1.02e-05,1.025e-05,1.016e-05,1.021e-05,39379560126.0,1.0446499999999999e-05,1.0198e-05,9.905065854944757e-06,41.721485257592086,6.54442778689091e-08,1.1803241438793263e-07,-5.258813651902354e-08,1.7214285714285718e-07,1.0446499999999999e-05,1.0863167228069756e-05,1.0029832771930242e-05
2025-09-09 17:00:00+00:00,1.022e-05,1.03e-05,1.019e-05,1.022e-05,38258829115.0,1.0442999999999998e-05,1.0204200000000001e-05,9.908199528029884e-06,42.279732759706086,4.20017412126536e-08,1.0282627975287683e-07,-6.082453854022324e-08,1.6785714285714295e-07,1.0442999999999998e-05,1.086632518295783e-05,1.0019674817042166e-05
2025-09-09 18:00:00+00:00,1.022e-05,1.026e-05,1.017e-05,1.023e-05,32414705262.0,1.04395e-05,1.02114e-05,9.911401522775856e-06,42.86908397623545,2.3954149915444108e-08,8.70518537853903e-08,-6.309770386994619e-08,1.6928571428571448e-07,1.04395e-05,1.0868916985421382e-05,1.0010083014578619e-05
2025-09-09 19:00:00+00:00,1.022e-05,1.03e-05,1.02e-05,1.025e-05,29712977407.0,1.04365e-05,1.02202e-05,9.914770661852714e-06,44.098458790843374,1.1136759014034305e-08,7.186883483111909e-08,-6.073207581708479e-08,1.714285714285716e-07,1.04365e-05,1.0870539775038828e-05,1.0002460224961173e-05
2025-09-09 20:00:00+00:00,1.025e-05,1.031e-05,1.022e-05,1.029e-05,41509516347.0,1.04355e-05,1.023e-05,9.91850428710791e-06,46.57460096881127,4.158612193681812e-09,5.8326790303631635e-08,-5.416817810994982e-08,1.557142857142858e-07,1.04355e-05,1.0870857082719061e-05,1.000014291728094e-05
2025-09-09 21:00:00+00:00,1.03e-05,1.035e-05,1.025e-05,1.027e-05,53221114066.0,1.0436999999999998e-05,1.0239000000000001e-05,9.922001756887932e-06,45.48962811933642,-2.9514300409947097e-09,4.607114623470637e-08,-4.902257627570108e-08,1.5428571428571438e-07,1.0436999999999998e-05,1.0869719673448572e-05,1.0004280326551425e-05
2025-09-09 22:00:00+00:00,1.027e-05,1.033e-05,1.023e-05,1.033e-05,11072151342.0,1.04435e-05,1.02488e-05,9.926061440898997e-06,49.30503201623859,-3.7020166346480855e-09,3.6116513660835483e-08,-3.981853029548357e-08,1.4428571428571434e-07,1.04435e-05,1.0864989838798627e-05,1.0022010161201372e-05
2025-09-09 23:00:00+00:00,1.033e-05,1.035e-05,1.027e-05,1.031e-05,40221255627.0,1.0442000000000001e-05,1.02586e-05,9.929881725069157e-06,48.09655397388534,-5.84333642586242e-09,2.7724543643495905e-08,-3.356788006935833e-08,1.392857142857143e-07,1.0442000000000001e-05,1.086525057900911e-05,1.0018749420990893e-05
2025-09-10 00:00:00+00:00,1.032e-05,1.034e-05,1.023e-05,1.024e-05,32489595121.0,1.04375e-05,1.02652e-05,9.93296747904857e-06,44.02895075446617,-1.3038463482502153e-08,1.9571942218296292e-08,-3.2610405700798445e-08,1.3928571428571415e-07,1.04375e-05,1.0867622381605352e-05,1.0007377618394647e-05
2025-09-10 01:00:00+00:00,1.025e-05,1.036e-05,1.022e-05,1.032e-05,40268255636.0,1.0436e-05,1.0273999999999999e-05,9.936818548908784e-06,49.30563315227375,-1.2145318430211127e-08,1.3228490088594809e-08,-2.5373808518805938e-08,1.435714285714284e-07,1.0436e-05,1.086761386251574e-05,1.000438613748426e-05
2025-09-10 02:00:00+00:00,1.033e-05,1.052e-05,1.033e-05,1.045e-05,95198497932.0,1.04285e-05,1.02862e-05,9.941924832004219e-06,56.48483536692415,-9.367823530002201e-10,1.0395435600275805e-08,-1.1332217953276025e-08,1.442857142857141e-07,1.04285e-05,1.0853273623920923e-05,1.0003726376079078e-05
2025-09-10 03:00:00+00:00,1.044e-05,1.052e-05,1.04e-05,1.051e-05,27854291660.0,1.0424e-05,1.0299399999999998e-05,9.947577321238007e-06,59.34642778991522,1.2641834600401962e-08,1.0844715400301037e-08,1.7971192001009254e-09,1.4357142857142828e-07,1.0424e-05,1.0842991269849974e-05,1.0005008730150027e-05
2025-09-10 04:00:00+00:00,1.051e-05,1.054e-05,1.042e-05,1.047e-05,32869628690.0,1.04075e-05,1.0309200000000001e-05,9.95277555684758e-06,56.670834027630235,1.9945402474431373e-08,1.2664852815127104e-08,7.2805496593042685e-09,1.2142857142857112e-07,1.04075e-05,1.0788406121878053e-05,1.0026593878121947e-05
2025-09-10 05:00:00+00:00,1.046e-05,1.047e-05,1.037e-05,1.041e-05,17636807813.0,1.03915e-05,1.0317399999999999e-05,9.95732505379437e-06,52.82375750498273,2.0653948216485413e-08,1.4262671895398768e-08,6.391276321086645e-09,1.1071428571428526e-07,1.03915e-05,1.0740952202890796e-05,1.0042047797109205e-05
2025-09-10 06:00:00+00:00,1.042e-05,1.045e-05,1.034e-05,1.04e-05,23476745637.0,1.0378499999999999e-05,1.03258e-05,9.961729779627262e-06,52.187878774266444,2.0175983219900817e-08,1.5445334160299176e-08,4.7306490596016405e-09,1.1214285714285667e-07,1.0378499999999999e-05,1.0704449624780737e-05,1.005255037521926e-05
2025-09-10 07:00:00+00:00,1.04e-05,1.052e-05,1.038e-05,1.047e-05,29582033609.0,1.0368999999999998e-05,1.0334399999999999e-05,9.96678719475535e-06,56.165670997962344,2.5155629069073917e-08,1.7387393142054127e-08,7.76823592701979e-09,1.142857142857138e-07,1.0368999999999998e-05,1.0670567832990695e-05,1.0067432167009302e-05
2025-09-10 08:00:00+00:00,1.046e-05,1.051e-05,1.043e-05,1.044e-05,18058270356.0,1.0356e-05,1.03432e-05,9.971495779882163e-06,54.088754843425136,2.6377224773478132e-08,1.918535946833893e-08,7.191865305139201e-09,1.1357142857142797e-07,1.0356e-05,1.0617203691438352e-05,1.0094796308561649e-05
2025-09-10 09:00:00+00:00,1.044e-05,1.045e-05,1.038e-05,1.042e-05,16207102710.0,1.0341e-05,1.0351e-05,9.97595850844055e-06,52.68991204729789,2.543827867552227e-08,2.04359433097756e-08,5.002335365746671e-09,1.1142857142857084e-07,1.0341e-05,1.0541620091348301e-05,1.0140379908651699e-05
2025-09-10 10:00:00+00:00,1.04e-05,1.042e-05,1.033e-05,1.035e-05,23529859088.0,1.0339500000000002e-05,1.03556e-05,9.979680314326714e-06,48.00991487713963,1.8828696648058607e-08,2.0114493977432203e-08,-1.2857973293735961e-09,1.1142857142857096e-07,1.0339500000000002e-05,1.0539339409210632e-05,1.0139660590789371e-05
2025-09-10 11:00:00+00:00,1.036e-05,1.04e-05,1.035e-05,1.039e-05,7147202897.0,1.0349e-05,1.036e-05,9.983763097268737e-06,50.704383048710355,1.66265603399522e-08,1.9416907249936203e-08,-2.790346909984004e-09,1.0785714285714255e-07,1.0349e-05,1.0538725563574477e-05,1.0159274436425523e-05
2025-09-10 12:00:00+00:00,1.039e-05,1.06e-05,1.038e-05,1.051e-05,125518047847.0,1.0364000000000001e-05,1.0367200000000001e-05,9.988999285355616e-06,57.77459301832387,2.4284412972179226e-08,2.0390408394384807e-08,3.894004577794419e-09,1.1642857142857116e-07,1.0364000000000001e-05,1.0554887125644479e-05,1.0173112874355523e-05
2025-09-10 13:00:00+00:00,1.052e-05,1.068e-05,1.049e-05,1.06e-05,98492392468.0,1.0383e-05,1.03766e-05,9.995078894456555e-06,62.15829161749251,3.718689679546404e-08,2.3749706074600656e-08,1.3437190720863384e-08,1.2428571428571406e-07,1.0383e-05,1.058861589125554e-05,1.0177384108744461e-05
2025-09-10 14:00:00+00:00,1.061e-05,1.063e-05,1.052e-05,1.053e-05,35259988391.0,1.0398e-05,1.03844e-05,1.0000401492521665e-05,57.185576705123516,4.1287852533987687e-08,2.7257335366478064e-08,1.4030517167509623e-08,1.242857142857142e-07,1.0398e-05,1.0600364964722986e-05,1.0195635035277013e-05
2025-09-10 15:00:00+00:00,1.054e-05,1.06e-05,1.052e-05,1.055e-05,20417271457.0,1.0413e-05,1.03928e-05,1.0005870134387122e-05,58.21416185232487,4.56257768016747e-08,3.0931023653517396e-08,1.4694753148157303e-08,1.1999999999999994e-07,1.0413e-05,1.0613641077811176e-05,1.0212358922188825e-05
2025-09-10 16:00:00+00:00,1.056e-05,1.058e-05,1.045e-05,1.058e-05,49175262245.0,1.04275e-05,1.0399600000000001e-05,1.0011582869368345e-05,59.77522238713802,5.0897645936737594e-08,3.492434811016143e-08,1.597329782657616e-08,1.1499999999999998e-07,1.04275e-05,1.0632580215371468e-05,1.0222419784628531e-05
2025-09-10 17:00:00+00:00,1.059e-05,1.061e-05,1.046e-05,1.054e-05,34013701425.0,1.0441e-05,1.04042e-05,1.001684075126518e-05,56.73194379714022,5.125711439370336e-08,3.819090136686982e-08,1.3066213026833538e-08,1.1714285714285723e-07,1.0441e-05,1.063780607607214e-05,1.024419392392786e-05
2025-09-10 18:00:00+00:00,1.055e-05,1.057e-05,1.046e-05,1.052e-05,31349933439.0,1.04505e-05,1.04086e-05,1.0021847310954084e-05,55.21818281093282,4.935918096946103e-08,4.042455728738806e-08,8.934623682072966e-09,1.1642857142857152e-07,1.04505e-05,1.064304254485415e-05,1.0257957455145849e-05
2025-09-10 19:00:00+00:00,1.053e-05,1.053e-05,1.031e-05,1.038e-05,38354449000.0,1.0454e-05,1.04114e-05,1.0025411019302799e-05,45.971232659402105,3.6141607136001527e-08,3.956796725711076e-08,-3.4263601211092367e-09,1.2500000000000026e-07,1.0454e-05,1.0638150967815359e-05,1.0269849032184642e-05
2025-09-10 20:00:00+00:00,1.038e-05,1.047e-05,1.037e-05,1.044e-05,26895218429.0,1.0464e-05,1.04144e-05,1.0029536282792325e-05,49.84752625383407,3.016041274071434e-08,3.768645635383148e-08,-7.526043613117144e-09,1.2428571428571443e-07,1.0464e-05,1.0618565605215889e-05,1.0309434394784111e-05
2025-09-10 21:00:00+00:00,1.044e-05,1.054e-05,1.044e-05,1.051e-05,10208291514.0,1.04735e-05,1.04206e-05,1.003431701629688e-05,53.994513545445734,3.0714628952491614e-08,3.629209087356351e-08,-5.577461921071894e-09,1.2142857142857173e-07,1.04735e-05,1.0613466161323921e-05,1.033353383867608e-05
2025-09-10 22:00:00+00:00,1.051e-05,1.054e-05,1.049e-05,1.051e-05,13729394680.0,1.04765e-05,1.04274e-05,1.0039050180313826e-05,53.994513545445734,3.079881967166138e-08,3.5193436633183085e-08,-4.394616961521703e-09,1.1928571428571472e-07,1.04765e-05,1.0616916673173906e-05,1.0336083326826095e-05
2025-09-10 23:00:00+00:00,1.052e-05,1.054e-05,1.05e-05,1.052e-05,25003679499.0,1.0477e-05,1.0432e-05,1.0043835750658963e-05,54.61625807514442,3.1311518159082616e-08,3.441705293836299e-08,-3.105534779280375e-09,1.1714285714285772e-07,1.0477e-05,1.0617988987998377e-05,1.0336011012001622e-05
2025-09-11 00:00:00+00:00,1.052e-05,1.054e-05,1.048e-05,1.052e-05,9247129269.0,1.04795e-05,1.04364e-05,1.0048573703388724e-05,54.61625807514442,3.1356378590434667e-08,3.3804918068777326e-08,-2.4485394783426593e-09,1.1500000000000059e-07,1.04795e-05,1.062173405469772e-05,1.033726594530228e-05
2025-09-11 01:00:00+00:00,1.052e-05,1.059e-05,1.05e-05,1.055e-05,24731153177.0,1.0486499999999999e-05,1.04412e-05,1.0053563019772917e-05,56.65441597253086,3.342735039744297e-08,3.372940453451046e-08,-3.0205413706748926e-10,1.1785714285714342e-07,1.0486499999999999e-05,1.0628111031387002e-05,1.0344888968612996e-05
2025-09-11 02:00:00+00:00,1.055e-05,1.058e-05,1.052e-05,1.053e-05,16502391694.0,1.0493e-05,1.0445599999999999e-05,1.005830368624284e-05,54.88478418731056,3.307352659498691e-08,3.3598228946605754e-08,-5.247023516188454e-10,1.0642857142857211e-07,1.0493e-05,1.0629744094455246e-05,1.0356255905544753e-05
2025-09-11 03:00:00+00:00,1.053e-05,1.065e-05,1.052e-05,1.064e-05,51864265817.0,1.0501500000000001e-05,1.04536e-05,1.00640917092653e-05,61.92842717199503,4.119433670309189e-08,3.511745049790298e-08,6.076886205188913e-09,1.0214285714285786e-07,1.0501500000000001e-05,1.065260470402642e-05,1.0350395295973583e-05
2025-09-11 04:00:00+00:00,1.064e-05,1.064e-05,1.057e-05,1.061e-05,46990301362.0,1.051e-05,1.04618e-05,1.0069523632556192e-05,59.21320054022275,4.469418124131348e-08,3.703279664658508e-08,7.661384594728396e-09,9.928571428571491e-08,1.051e-05,1.0665597321042983e-05,1.0354402678957015e-05
2025-09-11 05:00:00+00:00,1.061e-05,1.063e-05,1.054e-05,1.061e-05,42770908493.0,1.05195e-05,1.0467199999999999e-05,1.0074901506859115e-05,59.21320054022275,4.69268892841795e-08,3.901161517410397e-08,7.915274110075534e-09,1.000000000000005e-07,1.05195e-05,1.0675161576234321e-05,1.0363838423765679e-05
2025-09-11 06:00:00+00:00,1.06e-05,1.064e-05,1.056e-05,1.061e-05,22018407630.0,1.05325e-05,1.0472799999999999e-05,1.0080225869974945e-05,59.21320054022274,4.814138260227599e-08,4.083756865973838e-08,7.303813942537613e-09,9.642857142857183e-08,1.05325e-05,1.0671045071518508e-05,1.039395492848149e-05
2025-09-11 07:00:00+00:00,1.061e-05,1.065e-05,1.058e-05,1.063e-05,34977641751.0,1.05445e-05,1.04784e-05,1.0085696259328428e-05,60.64976831261023,5.013973055688231e-08,4.269800103916717e-08,7.441729517715144e-09,9.071428571428605e-08,1.05445e-05,1.067222915423688e-05,1.041677084576312e-05
2025-09-11 08:00:00+00:00,1.063e-05,1.064e-05,1.06e-05,1.06e-05,31273104258.0,1.0549e-05,1.04784e-05,1.0090813709484365e-05,57.384797610822204,4.874083245229267e-08,4.390656732179227e-08,4.834265130500398e-09,8.571428571428598e-08,1.0549e-05,1.067794715359796e-05,1.042005284640204e-05
2025-09-11 09:00:00+00:00,1.059e-05,1.062e-05,1.056e-05,1.058e-05,12664021062.0,1.0548e-05,1.0478e-05,1.0095681234763128e-05,55.249436071717064,4.549393698627654e-08,4.4224041254689125e-08,1.2698957315874127e-09,7.428571428571442e-08,1.0548e-05,1.0675584853085331e-05,1.0420415146914668e-05
2025-09-11 10:00:00+00:00,1.058e-05,1.06e-05,1.056e-05,1.059e-05,18565092731.0,1.0551e-05,1.0473800000000001e-05,1.0100599829442103e-05,56.12848268399874,4.3229344390552916e-08,4.402510188186189e-08,-7.957574913089752e-10,7.000000000000018e-08,1.0551e-05,1.0679620207956214e-05,1.0422379792043785e-05
2025-09-11 11:00:00+00:00,1.06e-05,1.062e-05,1.053e-05,1.055e-05,37083738365.0,1.0551e-05,1.04702e-05,1.0105071472930241e-05,51.74958369459832,3.777156564016459e-08,4.2774394633522434e-08,-5.0028289933578425e-09,6.928571428571435e-08,1.0551e-05,1.0679620207956214e-05,1.0422379792043785e-05
2025-09-11 12:00:00+00:00,1.055e-05,1.069e-05,1.037e-05,1.05e-05,192775915982.0,1.0547e-05,1.0467e-05,1.0109001110015513e-05,46.83131066747247,2.9076478976581424e-08,4.003481150213424e-08,-1.0958332525552813e-08,8.857142857142845e-08,1.0547e-05,1.0676793358032826e-05,1.0417206641967176e-05
2025-09-11 13:00:00+00:00,1.05e-05,1.054e-05,1.036e-05,1.052e-05,76266960379.0,1.0546e-05,1.0464199999999999e-05,1.0113090651209388e-05,48.922438598078024,2.352817485011e-08,3.673348417172939e-08,-1.320530932161939e-08,9.857142857142835e-08,1.0546e-05,1.0676327522641452e-05,1.0415672477358549e-05
2025-09-11 14:00:00+00:00,1.054e-05,1.055e-05,1.038e-05,1.049e-05,92047772489.0,1.0544499999999999e-05,1.046e-05,1.01168409929884e-05,45.99991757376243,1.651992318578072e-08,3.269077197453966e-08,-1.6170848788758938e-08,1.0642857142857114e-07,1.0544499999999999e-05,1.0676763691958487e-05,1.041223630804151e-05
2025-09-11 15:00:00+00:00,1.048e-05,1.049e-05,1.04e-05,1.041e-05,28554666996.0,1.0546e-05,1.04538e-05,1.0119757998033292e-05,39.26399020551059,4.459100107621458e-09,2.704443760115602e-08,-2.258533749353456e-08,1.0642857142857101e-07,1.0546e-05,1.0670883103235176e-05,1.0421116896764825e-05
2025-09-11 16:00:00+00:00,1.041e-05,1.05e-05,1.04e-05,1.044e-05,24435747539.0,1.0546e-05,1.0455e-05,1.0122944485615052e-05,42.655168134186724,-2.6479162653825672e-09,2.1105966827848306e-08,-2.3753883093230873e-08,1.0928571428571373e-07,1.0546e-05,1.0670883103235176e-05,1.0421116896764825e-05
2025-09-11 17:00:00+00:00,1.044e-05,1.052e-05,1.043e-05,1.051e-05,22465074652.0,1.0546e-05,1.04612e-05,1.0126795784265648e-05,49.71086558239893,-2.6018702184176006e-09,1.6364399418595124e-08,-1.8966269637012725e-08,1.0642857142857077e-07,1.0546e-05,1.0670883103235176e-05,1.0421116896764825e-05
2025-09-11 18:00:00+00:00,1.051e-05,1.052e-05,1.046e-05,1.048e-05,26124560101.0,1.0544499999999999e-05,1.04666e-05,1.013031025407395e-05,47.039599327104234,-4.929305706196407e-09,1.2105658393636818e-08,-1.7034964099833224e-08,1.0571428571428506e-07,1.0544499999999999e-05,1.067189908286857e-05,1.0417100917131428e-05
2025-09-11 19:00:00+00:00,1.048e-05,1.06e-05,1.048e-05,1.058e-05,47164600204.0,1.05475e-05,1.04738e-05,1.0134784778909036e-05,55.60360568992766,1.280587352737005e-09,9.940644185456856e-09,-8.660056832719851e-09,1.0785714285714231e-07,1.05475e-05,1.067529506620888e-05,1.041970493379112e-05
2025-09-11 20:00:00+00:00,1.058e-05,1.059e-05,1.053e-05,1.056e-05,22168623667.0,1.05495e-05,1.04804e-05,1.0139015776133821e-05,53.732170538253385,4.535852998878586e-09,8.859685948141202e-09,-4.3238329492626165e-09,1.0642857142857089e-07,1.05495e-05,1.067673372608155e-05,1.042226627391845e-05
2025-09-11 21:00:00+00:00,1.055e-05,1.062e-05,1.054e-05,1.06e-05,28093043816.0,1.0552e-05,1.04874e-05,1.0143602683833982e-05,56.859486872839746,1.0225467359827723e-08,9.132842230478506e-09,1.0926251293492167e-09,1.071428571428566e-07,1.0552e-05,1.0681224407015023e-05,1.0422775592984977e-05
2025-09-11 22:00:00+00:00,1.059e-05,1.066e-05,1.056e-05,1.064e-05,92137310006.0,1.05575e-05,1.04944e-05,1.0148541960611754e-05,59.78665438837915,1.7757496077270624e-08,1.085777299983693e-08,6.899723077433694e-09,1.1142857142857084e-07,1.05575e-05,1.0692036240470601e-05,1.04229637595294e-05
2025-09-11 23:00:00+00:00,1.064e-05,1.07e-05,1.063e-05,1.07e-05,49479342587.0,1.0560499999999998e-05,1.0503e-05,1.0154029105282284e-05,63.75892876794946,2.824261833649338e-08,1.4334742067168222e-08,1.390787626932516e-08,1.1214285714285655e-07,1.0560499999999998e-05,1.0705082884624282e-05,1.0415917115375714e-05
2025-09-12 00:00:00+00:00,1.069e-05,1.08e-05,1.064e-05,1.072e-05,140286222712.0,1.0566e-05,1.0510800000000001e-05,1.0159660656473507e-05,65.00001047891527,3.773104610840226e-08,1.901400287541503e-08,1.871704323298723e-08,1.2071428571428516e-07,1.0566e-05,1.072605262292517e-05,1.0405947377074831e-05
2025-09-12 01:00:00+00:00,1.072e-05,1.079e-05,1.064e-05,1.065e-05,90196539666.0,1.0568000000000001e-05,1.05176e-05,1.0164539654916556e-05,57.56910776129788,3.9150970475471147e-08,2.3041396395426255e-08,1.610957408004489e-08,1.2499999999999952e-07,1.0568000000000001e-05,1.0731333691370782e-05,1.040466630862922e-05
2025-09-12 02:00:00+00:00,1.065e-05,1.075e-05,1.063e-05,1.067e-05,43663840538.0,1.0571e-05,1.05262e-05,1.0169569111086542e-05,59.010933633725045,4.141272352117665e-08,2.6715661820576337e-08,1.4697061700600312e-08,1.1071428571428538e-07,1.0571e-05,1.0739697798943507e-05,1.0402302201056491e-05
2025-09-12 03:00:00+00:00,1.067e-05,1.067e-05,1.058e-05,1.064e-05,79749070255.0,1.05715e-05,1.0532600000000001e-05,1.017425001545384e-05,55.9402773385289,4.0319649998340855e-08,2.943645945612924e-08,1.0883190542211614e-08,1.042857142857139e-07,1.05715e-05,1.074099149955386e-05,1.040200850044614e-05
2025-09-12 04:00:00+00:00,1.064e-05,1.066e-05,1.059e-05,1.063e-05,29341797480.0,1.0573e-05,1.05362e-05,1.0178784841170718e-05,54.91450908017919,3.820604937505532e-08,3.119037743991446e-08,7.0156719351408636e-09,9.71428571428567e-08,1.0573e-05,1.0744077083272471e-05,1.040192291672753e-05
2025-09-12 05:00:00+00:00,1.063e-05,1.073e-05,1.062e-05,1.072e-05,40852326460.0,1.058e-05,1.05404e-05,1.0184170066631707e-05,61.718194779304504,4.329418507618262e-08,3.361113896716809e-08,9.683046109014533e-09,9.857142857142823e-08,1.058e-05,1.0763303027798135e-05,1.0396696972201866e-05
2025-09-12 06:00:00+00:00,1.072e-05,1.073e-05,1.065e-05,1.067e-05,40052628907.0,1.0583999999999999e-05,1.05444e-05,1.018900419532194e-05,56.60735268339381,4.279863116594185e-08,3.544863740692284e-08,7.3499937590190084e-09,9.714285714285693e-08,1.0583999999999999e-05,1.0771661509386518e-05,1.039633849061348e-05
2025-09-12 07:00:00+00:00,1.066e-05,1.072e-05,1.062e-05,1.067e-05,35198591510.0,1.059e-05,1.05496e-05,1.0193790223229185e-05,56.60735268339381,4.192264298936174e-08,3.6743438523410624e-08,5.179204465951119e-09,9.785714285714276e-08,1.059e-05,1.0780732659417271e-05,1.039926734058273e-05
2025-09-12 08:00:00+00:00,1.066e-05,1.067e-05,1.057e-05,1.06e-05,22307335539.0,1.0595e-05,1.05536e-05,1.0197832111555264e-05,49.89828367986379,3.517453096509646e-08,3.6429657011747794e-08,-1.255126046651333e-09,1.007142857142856e-07,1.0595e-05,1.0780982455312789e-05,1.040901754468721e-05
2025-09-12 09:00:00+00:00,1.06e-05,1.061e-05,1.053e-05,1.056e-05,22151103779.0,1.0596999999999999e-05,1.05554e-05,1.0201435772136804e-05,46.50634307116537,2.6295816063292982e-08,3.440288882205683e-08,-8.107072758763847e-09,9.785714285714264e-08,1.0596999999999999e-05,1.0780429320964333e-05,1.0413570679035664e-05
2025-09-12 10:00:00+00:00,1.055e-05,1.056e-05,1.047e-05,1.055e-05,33737045671.0,1.06e-05,1.05576e-05,1.0204904072911563e-05,45.670503131189655,1.824216973209827e-08,3.117074500406512e-08,-1.292857527196685e-08,9.999999999999989e-08,1.06e-05,1.077794144512929e-05,1.042205855487071e-05
2025-09-12 11:00:00+00:00,1.054e-05,1.057e-05,1.046e-05,1.047e-05,19772811552.0,1.0603e-05,1.0558600000000001e-05,1.0207541843330353e-05,39.54700978308681,5.342678507005752e-09,2.600513170465325e-08,-2.0662453197647497e-08,1.0214285714285714e-07,1.0603e-05,1.0769081780742802e-05,1.0436918219257198e-05
2025-09-12 12:00:00+00:00,1.046e-05,1.053e-05,1.04e-05,1.051e-05,57437279884.0,1.0606500000000001e-05,1.05618e-05,1.0210551377227564e-05,43.61763772848307,-1.6337625212788824e-09,2.0477352859466824e-08,-2.2111115380745706e-08,1.0428571428571437e-07,1.0606500000000001e-05,1.0760639376436992e-05,1.045236062356301e-05
2025-09-12 13:00:00+00:00,1.05e-05,1.051e-05,1.044e-05,1.05e-05,31260645728.0,1.0606e-05,1.0564e-05,1.0213431463026296e-05,42.840983437437615,-7.878737543196948e-09,1.480613477893407e-08,-2.2684872322131017e-08,1.0428571428571437e-07,1.0606e-05,1.0761516118643238e-05,1.0450483881356761e-05
2025-09-12 14:00:00+00:00,1.049e-05,1.059e-05,1.047e-05,1.058e-05,80045586193.0,1.0611e-05,1.0565399999999999e-05,1.0217078911155388e-05,50.4432499836307,-6.2999716766872605e-09,1.0584913487809804e-08,-1.6884885164497062e-08,1.0142857142857155e-07,1.0611e-05,1.075549913494538e-05,1.046650086505462e-05
2025-09-12 15:00:00+00:00,1.057e-05,1.057e-05,1.047e-05,1.054e-05,36799385232.0,1.0609000000000001e-05,1.05642e-05,1.0220292056318022e-05,47.07211064083471,-8.18213549436006e-09,6.831503691375831e-09,-1.501363918573589e-08,9.857142857142872e-08,1.0609000000000001e-05,1.0756384209680418e-05,1.0461615790319584e-05
2025-09-12 16:00:00+00:00,1.053e-05,1.076e-05,1.05e-05,1.076e-05,96112486571.0,1.0619e-05,1.0568800000000001e-05,1.0225662284613366e-05,62.081726361769256,7.986335993156137e-09,7.062470151731892e-09,9.238658414242447e-10,1.0857142857142875e-07,1.0619e-05,1.077898684156407e-05,1.0459013158435929e-05
2025-09-12 17:00:00+00:00,1.076e-05,1.146e-05,1.072e-05,1.129e-05,458005475164.0,1.0653499999999999e-05,1.05836e-05,1.0236252709642088e-05,78.15437272964452,6.284213176265502e-08,1.8218402473916516e-08,4.46237292887385e-08,1.550000000000002e-07,1.0653499999999999e-05,1.0993052336869657e-05,1.031394766313034e-05
2025-09-12 18:00:00+00:00,1.128e-05,1.147e-05,1.125e-05,1.146e-05,173133571753.0,1.06945e-05,1.06012e-05,1.0248429299595898e-05,80.94446022961489,1.186654232428874e-07,3.830780662771069e-08,8.03576166151767e-08,1.6571428571428594e-07,1.06945e-05,1.1189590634977139e-05,1.0199409365022862e-05
2025-09-12 19:00:00+00:00,1.147e-05,1.162e-05,1.138e-05,1.154e-05,205718288573.0,1.07365e-05,1.06212e-05,1.0261280749351164e-05,82.10287058569806,1.6743107413773702e-07,6.413246012971596e-08,1.0329861400802106e-07,1.7500000000000026e-07,1.07365e-05,1.1359540929634609e-05,1.011345907036539e-05
2025-09-12 20:00:00+00:00,1.154e-05,1.155e-05,1.127e-05,1.137e-05,300515139144.0,1.0769000000000001e-05,1.0638200000000001e-05,1.027231278169593e-05,72.07579608142261,1.901684806891133e-07,8.933966424159543e-08,1.0082881644751787e-07,1.8928571428571442e-07,1.0769000000000001e-05,1.1453225262999164e-05,1.0084774737000839e-05
2025-09-12 21:00:00+00:00,1.136e-05,1.146e-05,1.122e-05,1.146e-05,95828099965.0,1.08095e-05,1.06598e-05,1.0284130564962638e-05,73.8935770073241,2.1299501310755109e-07,1.1407073401478657e-07,9.892427909276452e-08,1.9928571428571443e-07,1.08095e-05,1.1557028559567042e-05,1.0061971440432958e-05
2025-09-12 22:00:00+00:00,1.146e-05,1.167e-05,1.145e-05,1.163e-05,135288646990.0,1.08575e-05,1.06836e-05,1.0297522300634652e-05,76.94633150872028,2.420130084427087e-07,1.39659188900371e-07,1.023538195423377e-07,2.0785714285714305e-07,1.08575e-05,1.1686192692707811e-05,1.002880730729219e-05
2025-09-12 23:00:00+00:00,1.162e-05,1.163e-05,1.152e-05,1.153e-05,108220683537.0,1.0902e-05,1.0704e-05,1.0309785760329831e-05,71.63952822692599,2.5401271409341395e-07,1.625298939389796e-07,9.148282015443436e-08,2.100000000000003e-07,1.0902e-05,1.1775868591831418e-05,1.0028131408168582e-05
2025-09-13 00:00:00+00:00,1.154e-05,1.192e-05,1.147e-05,1.19e-05,277889536392.0,1.0965499999999999e-05,1.07318e-05,1.0325608787590232e-05,77.75316586552366,2.9003513061070815e-07,1.880309412733253e-07,1.0200418933738285e-07,2.3571428571428588e-07,1.0965499999999999e-05,1.1935437057100506e-05,9.995562942899491e-06
2025-09-13 01:00:00+00:00,1.19e-05,1.22e-05,1.187e-05,1.194e-05,308931135305.0,1.1026499999999999e-05,1.07602e-05,1.0341672381743563e-05,78.29783437552706,3.18143461151488e-07,2.1405344524895785e-07,1.0409001590253015e-07,2.5142857142857154e-07,1.1026499999999999e-05,1.2081179297726365e-05,9.971820702273632e-06
2025-09-13 02:00:00+00:00,1.194e-05,1.201e-05,1.185e-05,1.194e-05,113240940342.0,1.109e-05,1.07886e-05,1.035757613913915e-05,78.29783437552706,3.365400909352722e-07,2.3855077438622074e-07,9.798931654905147e-08,2.535714285714287e-07,1.109e-05,1.220547959947372e-05,9.97452040052628e-06
2025-09-13 03:00:00+00:00,1.193e-05,1.213e-05,1.19e-05,1.202e-05,66509157271.0,1.11575e-05,1.0818000000000002e-05,1.037411767009299e-05,79.4640483622383,3.534999565386896e-07,2.615406108167145e-07,9.195934572197509e-08,2.6500000000000027e-07,1.11575e-05,1.2327994722216545e-05,9.987005277783454e-06
2025-09-13 04:00:00+00:00,1.202e-05,1.209e-05,1.194e-05,1.203e-05,89731963307.0,1.1229e-05,1.0847999999999998e-05,1.0390594111186593e-05,79.61153558105273,3.635568317944847e-07,2.819438550122686e-07,8.161297678221613e-08,2.671428571428574e-07,1.1229e-05,1.2430400936626179e-05,1.0027599063373822e-05
2025-09-13 05:00:00+00:00,1.202e-05,1.214e-05,1.195e-05,1.204e-05,81287632130.0,1.1303e-05,1.0876e-05,1.040700611008026e-05,79.76801696870474,3.6809077301433117e-07,2.991732386126811e-07,6.891753440165007e-08,2.72857142857143e-07,1.1303e-05,1.2513186588484316e-05,1.0092813411515684e-05
2025-09-13 06:00:00+00:00,1.205e-05,1.233e-05,1.204e-05,1.219e-05,204742933475.0,1.1385e-05,1.09076e-05,1.0424747342815781e-05,81.99970615162954,3.794140514855578e-07,3.1522140118725647e-07,6.419265029830131e-08,2.7500000000000017e-07,1.1385e-05,1.2602581727506549e-05,1.0167418272493451e-05
2025-09-13 07:00:00+00:00,1.219e-05,1.22e-05,1.211e-05,1.215e-05,38348021870.0,1.1469e-05,1.09384e-05,1.0441914035922092e-05,79.48193022159262,3.8077087591189803e-07,3.283312961321848e-07,5.2439579779713224e-08,2.2857142857142881e-07,1.1469e-05,1.2652107416042461e-05,1.0285892583957539e-05
2025-09-13 08:00:00+00:00,1.214e-05,1.238e-05,1.213e-05,1.238e-05,134058664516.0,1.15625e-05,1.09738e-05,1.0461198473375605e-05,82.75985018234266,3.958422240987805e-07,3.4183348172550395e-07,5.400874237327655e-08,2.3071428571428593e-07,1.15625e-05,1.2721826029253716e-05,1.0403173970746283e-05
2025-09-13 09:00:00+00:00,1.238e-05,1.249e-05,1.225e-05,1.235e-05,170983244741.0,1.1655e-05,1.1008199999999999e-05,1.0479992518416643e-05,80.94340860736727,4.0074607553752096e-07,3.536160004879074e-07,4.713007504961356e-08,2.3071428571428593e-07,1.1655e-05,1.2750858231322745e-05,1.0559141768677254e-05
2025-09-13 10:00:00+00:00,1.234e-05,1.244e-05,1.218e-05,1.223e-05,120301675097.0,1.17375e-05,1.1040800000000001e-05,1.0497405528183643e-05,73.95153446289747,3.9044856796915244e-07,3.609825139841564e-07,2.946605398499602e-08,2.292857142857145e-07,1.17375e-05,1.2736781320697358e-05,1.0738218679302644e-05
2025-09-13 11:00:00+00:00,1.222e-05,1.239e-05,1.214e-05,1.237e-05,120518316705.0,1.1829e-05,1.1076599999999998e-05,1.0516038308997737e-05,76.50176175407363,3.890992549971359e-07,3.6660586218675234e-07,2.2493392810383586e-08,2.300000000000001e-07,1.1829e-05,1.2692503268515386e-05,1.0965496731484613e-05
2025-09-13 12:00:00+00:00,1.238e-05,1.241e-05,1.225e-05,1.24e-05,69088862163.0,1.1911e-05,1.1112800000000001e-05,1.0534784196470396e-05,77.02092879928034,3.8600108380826764e-07,3.704849065110554e-07,1.551617729721224e-08,2.2571428571428584e-07,1.1911e-05,1.264950204004986e-05,1.117249795995014e-05
2025-09-13 13:00:00+00:00,1.24e-05,1.269e-05,1.193e-05,1.211e-05,433686101659.0,1.1952e-05,1.1144e-05,1.0550457985560243e-05,62.61849557203632,3.5604096582487193e-07,3.6759611837381876e-07,-1.1555152548946828e-08,2.7214285714285734e-07,1.1952e-05,1.263424397549936e-05,1.126975602450064e-05
2025-09-13 14:00:00+00:00,1.21e-05,1.223e-05,1.196e-05,1.213e-05,201542753938.0,1.1985499999999999e-05,1.1176599999999999e-05,1.0566174821524817e-05,63.13054341001002,3.3010593360625774e-07,3.6009808142030657e-07,-2.999214781404882e-08,2.592857142857145e-07,1.1985499999999999e-05,1.2630822440824341e-05,1.1340177559175657e-05
2025-09-13 15:00:00+00:00,1.212e-05,1.233e-05,1.204e-05,1.207e-05,123486131273.0,1.2012000000000001e-05,1.12076e-05,1.058113825613651e-05,60.45511844329368,3.012382481517176e-07,3.483261147665888e-07,-4.708786661487119e-08,2.5642857142857165e-07,1.2012000000000001e-05,1.262290442012333e-05,1.1401095579876672e-05
2025-09-13 16:00:00+00:00,1.208e-05,1.219e-05,1.188e-05,1.194e-05,190689572004.0,1.20405e-05,1.1236599999999998e-05,1.0594659268513263e-05,55.0149681376128,2.6481783079386816e-07,3.3162445797204466e-07,-6.68066271781765e-08,2.671428571428574e-07,1.20405e-05,1.2573514268595334e-05,1.1507485731404664e-05
2025-09-13 17:00:00+00:00,1.195e-05,1.195e-05,1.169e-05,1.185e-05,149088222423.0,1.206e-05,1.12654e-05,1.060715022106537e-05,51.55604241957712,2.2608596157283022e-07,3.1051675869220183e-07,-8.443079711937161e-08,2.692857142857145e-07,1.206e-05,1.2528187996428682e-05,1.1591812003571317e-05
2025-09-13 18:00:00+00:00,1.185e-05,1.189e-05,1.178e-05,1.189e-05,73103531357.0,1.2073e-05,1.12944e-05,1.061991489548263e-05,52.971268425096625,1.9635488498571825e-07,2.8768438395090514e-07,-9.132949896518689e-08,2.6642857142857155e-07,1.2073e-05,1.2503866935131226e-05,1.1642133064868773e-05
2025-09-13 19:00:00+00:00,1.189e-05,1.19e-05,1.182e-05,1.186e-05,52504188953.0,1.20895e-05,1.1321399999999998e-05,1.063225405075146e-05,51.75018856419591,1.6843048156292865e-07,2.6383360347330983e-07,-9.540312191038118e-08,2.5857142857142866e-07,1.20895e-05,1.2452787619850642e-05,1.1726212380149358e-05
2025-09-13 20:00:00+00:00,1.186e-05,1.201e-05,1.186e-05,1.199e-05,160213006138.0,1.2094e-05,1.1351599999999998e-05,1.0645763960694233e-05,56.43652040985242,1.5500332239620747e-07,2.4206754725788934e-07,-8.706422486168186e-08,2.485714285714286e-07,1.2094e-05,1.24495514619646e-05,1.17384485380354e-05
2025-09-13 21:00:00+00:00,1.198e-05,1.203e-05,1.193e-05,1.195e-05,70483709908.0,1.20945e-05,1.1379e-05,1.065874143372215e-05,54.676807229374376,1.395261655288764e-07,2.2155927091208678e-07,-8.203310538321037e-08,2.492857142857143e-07,1.20945e-05,1.2449166633689347e-05,1.1739833366310654e-05
2025-09-13 22:00:00+00:00,1.196e-05,1.198e-05,1.187e-05,1.191e-05,37140612655.0,1.2093000000000001e-05,1.1405999999999999e-05,1.0671191767714965e-05,52.90046820592015,1.2261926296297576e-07,2.017712693222646e-07,-7.915200635928884e-08,2.392857142857144e-07,1.2093000000000001e-05,1.2450659055526212e-05,1.173534094447379e-05
2025-09-13 23:00:00+00:00,1.19e-05,1.198e-05,1.19e-05,1.192e-05,30253311149.0,1.2088e-05,1.1432400000000001e-05,1.0683617720275014e-05,53.30886454233295,1.0877346450863228e-07,1.8317170835953816e-07,-7.439824385090588e-08,2.2785714285714299e-07,1.2088e-05,1.245268299139174e-05,1.172331700860826e-05
